SALE TYPE,SOLD DATE,PROPERTY TYPE,ADDRESS,CITY,STATE OR PROVINCE,ZIP OR POSTAL CODE,PRICE,BEDS,BATHS,LOCATION,SQUARE FEET,LOT SIZE,YEAR BUILT,DAYS ON MARKET,$/SQUARE FEET,HOA/MONTH,STATUS,NEXT OPEN HOUSE START TIME,NEXT OPEN HOUSE END TIME,URL (SEE http://www.redfin.com/buy-a-home/comparative-market-analysis FOR INFO ON PRICING),SOURCE,MLS#,FAVORITE,INTERESTED,LATITUDE,LONGITUDE
PAST SALE,April-10-2019,Condo/Co-op,1251 Trumpeter Pl,SAN JOSE,CA,95131,825000,2,2.0,SAN JOSE,1157,,1993,361,713,265,Sold,,,http://www.redfin.com/CA/San-Jose/1251-Trumpeter-Pl-95131/home/1393801,MLSListings,ML81738862,N,Y,37.386379,-121.893598
PAST SALE,October-28-2019,Condo/Co-op,1350 Tea Rose Cir,SAN JOSE,CA,95131,1025000,3,2.5,SAN JOSE,1790,915,1993,160,573,299,Sold,,,http://www.redfin.com/CA/San-Jose/1350-Tea-Rose-Cir-95131/home/1629734,MLSListings,ML81770127,N,Y,37.3877138,-121.8940869
PAST SALE,July-1-2019,Condo/Co-op,1072 Foxglove Pl #1072,SAN JOSE,CA,95131,1190000,3,3.5,SAN JOSE,1718,621,2015,279,693,275,Sold,,,http://www.redfin.com/CA/San-Jose/1072-Foxglove-Pl-95131/unit-1072/home/166861341,MLSListings,ML81753845,N,Y,37.379551,-121.896238
PAST SALE,April-29-2019,Townhouse,1722 Winston St,SAN JOSE,CA,95131,1051000,4,3.0,SAN JOSE,2009,3200,1989,342,523,265,Sold,,,http://www.redfin.com/CA/San-Jose/1722-Winston-St-95131/home/1341695,MLSListings,ML81744772,N,Y,37.37425,-121.8747839
PAST SALE,July-5-2019,Townhouse,1702 Fan St,SAN JOSE,CA,95131,1040000,3,2.5,SAN JOSE,1666,2547,1989,275,624,265,Sold,,,http://www.redfin.com/CA/San-Jose/1702-Fan-St-95131/home/685641,MLSListings,ML81752152,N,Y,37.3746099,-121.876286
PAST SALE,August-22-2019,Condo/Co-op,1089 Dewberry Pl #301,SAN JOSE,CA,95131,1073000,2,2.5,SAN JOSE,1661,,2016,227,646,657,Sold,,,http://www.redfin.com/CA/San-Jose/1089-Dewberry-Pl-95131/unit-301/home/143041432,MLSListings,ML81756605,N,Y,37.3801465,-121.8962306
PAST SALE,,Single Family Residential,1597 Shore Dr,San Jose,CA,95131,980000,3,3.0,,2098,3748,2014,,467,,,,,http://www.redfin.com/CA/San-Jose/1597-Shore-Dr-95131/home/95955979,,,N,Y,37.3731961,-121.8802746
PAST SALE,June-11-2019,Townhouse,1098 Foxglove Pl,SAN JOSE,CA,95131,1200000,4,3.5,SAN JOSE,1872,710,2015,299,641,275,Sold,,,http://www.redfin.com/CA/San-Jose/1098-Foxglove-Pl-95131/home/112869622,MLSListings,ML81745938,N,Y,37.379575,-121.8958964
PAST SALE,August-13-2019,Condo/Co-op,1038 Bellante Ln #6,SAN JOSE,CA,95131,855000,2,2.0,SAN JOSE,1171,1171,2019,236,730,271,Sold,,,http://www.redfin.com/CA/San-Jose/1038-Bellante-Ln-95133/unit-6/home/147906405,MLSListings,ML81742480,N,Y,37.371804,-121.879942
PAST SALE,May-1-2019,Other,1508 Murphy Ave,SAN JOSE,CA,95131,3000000,,,SAN JOSE,,19474,,340,,,Sold,,,http://www.redfin.com/CA/San-Jose/1508-Murphy-Ave-95131/home/1788166,MLSListings,ML81729283,N,Y,37.3847034,-121.8898356
PAST SALE,June-11-2019,Single Family Residential,1161 Tofts Dr,SAN JOSE,CA,95131,960000,3,2.0,SAN JOSE,1067,6568,1971,299,900,,Sold,,,http://www.redfin.com/CA/San-Jose/1161-Tofts-Dr-95131/home/1081654,MLSListings,ML81748999,N,Y,37.3840424,-121.8659342
PAST SALE,April-10-2019,Single Family Residential,1383 Aberford Dr,SAN JOSE,CA,95131,1150000,4,2.0,SAN JOSE,1305,6037,1971,361,881,,Sold,,,http://www.redfin.com/CA/San-Jose/1383-Aberford-Dr-95131/home/1698192,MLSListings,ML81740676,N,Y,37.3873088,-121.8694475
PAST SALE,June-15-2019,Single Family Residential,2170 Stratton Pl,SAN JOSE,CA,95131,961000,4,2.0,SAN JOSE,1234,6033,1976,295,779,,Sold,,,http://www.redfin.com/CA/San-Jose/2170-Stratton-Pl-95131/home/1788311,MLSListings,ML81749759,N,Y,37.3887781,-121.8719378
PAST SALE,June-21-2019,Single Family Residential,1040 Banyan Ct,SAN JOSE,CA,95131,1440000,4,2.5,SAN JOSE,2150,5970,2007,289,670,,Sold,,,http://www.redfin.com/CA/San-Jose/1040-Banyan-Ct-95131/home/22740254,MLSListings,ML81753484,N,Y,37.3917609,-121.9034181
PAST SALE,August-9-2019,Single Family Residential,2078 Croner Pl,SAN JOSE,CA,95131,1425000,3,2.5,SAN JOSE,2082,3103,2004,240,684,88,Sold,,,http://www.redfin.com/CA/San-Jose/2078-Croner-Pl-95131/home/1054674,MLSListings,ML81756157,N,Y,37.3892317,-121.8751841
PAST SALE,August-30-2019,Single Family Residential,2217 Charger Dr,SAN JOSE,CA,95131,980000,4,2.0,SAN JOSE,1530,6502,1971,219,641,,Sold,,,http://www.redfin.com/CA/San-Jose/2217-Charger-Dr-95131/home/1084706,MLSListings,ML81751718,N,Y,37.384791,-121.8674463
PAST SALE,September-16-2019,Condo/Co-op,1091 Foxglove Pl #404,SAN JOSE,CA,95131,1270000,4,2.5,SAN JOSE,2147,1802,2015,202,592,657,Sold,,,http://www.redfin.com/CA/San-Jose/1091-Foxglove-Pl-95131/unit-404/home/112869559,MLSListings,ML81762419,N,Y,37.3799138,-121.895872
PAST SALE,July-8-2019,Condo/Co-op,1038 Bellante Ln #4,SAN JOSE,CA,95131,1205750,4,3.5,SAN JOSE,1707,,2018,272,706,271,Sold,,,http://www.redfin.com/CA/San-Jose/1038-Bellante-Ln-95133/unit-4/home/148344237,MLSListings,ML81731892,N,Y,37.371804,-121.879942
PAST SALE,October-4-2019,Single Family Residential,1732 River Birch Dr,San Jose,CA,95131,865000,4,2.5,Berryessa,1647,3120,1985,184,525,125,Sold,,,http://www.redfin.com/CA/San-Jose/1732-River-Birch-Dr-95131/home/1468435,Bridge MLS,40873694,N,Y,37.37385,-121.8747394
PAST SALE,October-17-2019,Single Family Residential,2083 Purcell Pl,SAN JOSE,CA,95131,1300000,4,2.5,SAN JOSE,1972,3194,2004,171,659,88,Sold,,,http://www.redfin.com/CA/San-Jose/2083-Purcell-Pl-95131/home/1811587,MLSListings,ML81763542,N,Y,37.3899973,-121.8757622
PAST SALE,November-7-2019,Condo/Co-op,1641 Thorncrest Dr,SAN JOSE,CA,95131,630000,2,2.0,SAN JOSE,922,955,1987,150,683,440,Sold,,,http://www.redfin.com/CA/San-Jose/1641-Thorncrest-Dr-95131/home/881078,MLSListings,ML81769044,N,Y,37.376646,-121.879995
PAST SALE,December-10-2019,Single Family Residential,1539 Goody Ln,SAN JOSE,CA,95131,1216000,4,3.0,SAN JOSE,1629,2387,1987,117,746,33,Sold,,,http://www.redfin.com/CA/San-Jose/1539-Goody-Ln-95131/home/1229677,MLSListings,ML81774241,N,Y,37.3829239,-121.8885684
PAST SALE,December-18-2019,Single Family Residential,1267 Crestpoint Dr,SAN JOSE,CA,95131,1135000,3,3.0,SAN JOSE,1518,2708,1987,109,748,40,Sold,,,http://www.redfin.com/CA/San-Jose/1267-Crestpoint-Dr-95131/home/1440816,MLSListings,ML81772117,N,Y,37.375318,-121.880278
PAST SALE,July-23-2019,Single Family Residential,1720 Goldentree Dr,SAN JOSE,CA,95131,1060000,5,3.0,SAN JOSE,1800,6508,1973,257,589,,Sold,,,http://www.redfin.com/CA/San-Jose/1720-Goldentree-Dr-95131/home/595163,MLSListings,ML81754136,N,Y,37.3939551,-121.8810983
PAST SALE,February-13-2020,Townhouse,1004 Winston Ct,SAN JOSE,CA,95131,990000,3,2.5,SAN JOSE,1666,2566,1989,52,594,265,Sold,,,http://www.redfin.com/CA/San-Jose/1004-Winston-Ct-95131/home/1166020,MLSListings,ML81770866,Y,Y,37.373639,-121.8757768
PAST SALE,February-13-2020,Single Family Residential,1316 Chessington Dr,SAN JOSE,CA,95131,1340000,4,2.5,SAN JOSE,1578,4158,1990,52,849,,Sold,,,http://www.redfin.com/CA/San-Jose/1316-Chessington-Dr-95131/home/1180948,MLSListings,ML81779135,N,Y,37.3716984,-121.882788
PAST SALE,March-18-2020,Single Family Residential,2055 Hikido Dr,SAN JOSE,CA,95131,980000,3,2.0,SAN JOSE,1380,5936,1970,18,710,,Sold,,,http://www.redfin.com/CA/San-Jose/2055-Hikido-Dr-95131/home/1126140,MLSListings,ML81773678,N,Y,37.3830491,-121.870248
PAST SALE,March-24-2020,Condo/Co-op,1547 Four Oaks Cir,SAN JOSE,CA,95131,600000,2,2.0,SAN JOSE,976,,1986,12,615,491,Sold,,,http://www.redfin.com/CA/San-Jose/1547-Four-Oaks-Cir-95131/home/1356344,MLSListings,ML81782402,Y,Y,37.391397,-121.872675
PAST SALE,March-26-2020,Condo/Co-op,1035 Giacomo Ln #6,SAN JOSE,CA,95131,880000,2,2.0,SAN JOSE,1171,,2017,10,751,285,Sold,,,http://www.redfin.com/CA/San-Jose/1035-Giacomo-Ln-95133/unit-6/home/167214060,MLSListings,ML81785310,N,Y,37.3725452,-121.8789639
PAST SALE,March-10-2020,Condo/Co-op,998 Elderflower Pl,San Jose,CA,95131,1280000,4,3.5,San Jose,1872,1415,2016,26,684,275,Sold,,,http://www.redfin.com/CA/San-Jose/998-Elderflower-Pl-95131/home/143042608,Bridge MLS,40876303,N,Y,37.3798409,-121.8982744
PAST SALE,March-31-2020,Townhouse,1102 Brooks Range Lndg #1102,SAN JOSE,CA,95131,1020000,3,2.5,SAN JOSE,1407,2613,1996,5,725,297,Sold,,,http://www.redfin.com/CA/San-Jose/1102-Brooks-Range-Lndg-95131/unit-1102/home/170484164,MLSListings,ML81780976,N,Y,37.3845563,-121.8966029
PAST SALE,April-1-2020,Condo/Co-op,1073 Foxglove Pl #103,SAN JOSE,CA,95131,1075000,2,2.5,SAN JOSE,1690,,2014,4,636,315,Sold,,,http://www.redfin.com/CA/San-Jose/1073-Foxglove-Pl-95131/unit-103/home/95957565,MLSListings,ML81781436,N,Y,37.3799459,-121.8969478
PAST SALE,June-17-2019,Mobile/Manufactured Home,2151 Oakland Rd #165,SAN JOSE,CA,95131,170000,3,2.0,SAN JOSE,1440,,1973,293,118,,Sold,,,http://www.redfin.com/CA/San-Jose/2151-Oakland-Rd-95131/unit-165/home/23476911,MLSListings,ML81732156,N,Y,37.3962328,-121.9053495
PAST SALE,July-16-2019,Mobile/Manufactured Home,2151 Oakland Rd #159,SAN JOSE,CA,95131,185000,2,1.5,SAN JOSE,960,,1969,264,193,,Sold,,,http://www.redfin.com/CA/San-Jose/2151-Oakland-Rd-95131/unit-159/home/1671278,MLSListings,ML81736260,N,Y,37.3962328,-121.9053495
PAST SALE,January-3-2020,Mobile/Manufactured Home,2151 Oakland Rd #203,SAN JOSE,CA,95131,265000,3,2.0,SAN JOSE,1334,,1995,93,199,,Sold,,,http://www.redfin.com/CA/San-Jose/2151-Oakland-Rd-95131/unit-203/home/22729239,MLSListings,ML81765903,N,Y,37.3962328,-121.9053495
PAST SALE,January-31-2020,Mobile/Manufactured Home,2151 Oakland Rd #89,SAN JOSE,CA,95131,199000,3,2.0,SAN JOSE,1416,,2019,65,141,,Sold,,,http://www.redfin.com/CA/San-Jose/2151-Oakland-Rd-95131/unit-89/home/685522,MLSListings,ML81773082,N,Y,37.3962328,-121.9053495
PAST SALE,February-5-2020,Townhouse,2133 Oakland,SAN JOSE,CA,95131,1073888,4,4.0,SAN JOSE,1573,784,2009,60,683,150,Sold,,,http://www.redfin.com/CA/San-Jose/2133-Oakland-Rd-95131/home/28894948,MLSListings,ML81779298,N,Y,37.396095,-121.902437
PAST SALE,February-28-2020,Mobile/Manufactured Home,2151 Oakland Rd #371,SAN JOSE,CA,95131,200000,2,2.0,SAN JOSE,1536,,1972,37,130,,Sold,,,http://www.redfin.com/CA/San-Jose/2151-Oakland-Rd-95131/unit-371/home/1097286,MLSListings,ML81775759,N,Y,37.3962328,-121.9053495
PAST SALE,August-20-2019,Townhouse,1577 Fairway Green Cir,SAN JOSE,CA,95131,1100000,3,2.5,SAN JOSE,1672,1693,1988,229,658,463,Sold,,,http://www.redfin.com/CA/San-Jose/1577-Fairway-Green-Cir-95131/home/1620173,MLSListings,ML81765332,N,Y,37.378511,-121.883746
PAST SALE,April-12-2019,Townhouse,1630 Vendre Pl,SAN JOSE,CA,95131,965000,2,2.5,SAN JOSE,1481,1599,2014,359,652,83,Sold,,,http://www.redfin.com/CA/San-Jose/1630-Vendre-Pl-95131/home/72134482,MLSListings,ML81741957,N,Y,37.3732084,-121.8792084
PAST SALE,April-24-2019,Condo/Co-op,1308 Shore Dr,SAN JOSE,CA,95131,848888,2,2.0,SAN JOSE,1171,540,2014,347,725,216,Sold,,,http://www.redfin.com/CA/San-Jose/1308-Shore-Dr-95131/home/95957503,MLSListings,ML81741567,N,Y,37.3710207,-121.8827901
PAST SALE,June-21-2019,Single Family Residential,1399 Stanton Way,SAN JOSE,CA,95131,1660000,5,3.0,SAN JOSE,2516,4157,1993,289,660,,Sold,,,http://www.redfin.com/CA/San-Jose/1399-Stanton-Way-95131/home/1718783,MLSListings,ML81750673,N,Y,37.3769536,-121.8850557
PAST SALE,June-25-2019,Condo/Co-op,1540 Meadow Ridge Cir,SAN JOSE,CA,95131,715000,2,2.0,SAN JOSE,988,1091,1985,285,724,414,Sold,,,http://www.redfin.com/CA/San-Jose/1540-Meadow-Ridge-Cir-95131/home/1213790,MLSListings,ML81752067,N,Y,37.381636,-121.883987
PAST SALE,June-26-2019,Condo/Co-op,1824 CAMINO LEONOR,SAN JOSE,CA,95131,800000,2,2.5,SAN JOSE,1541,1495,2007,284,519,330,Sold,,,http://www.redfin.com/CA/San-Jose/1824-Camino-Leonor-95131/home/17289377,MLSListings,ML81743874,N,Y,37.390516,-121.889127
PAST SALE,,Condo/Co-op,1285 Marcello Dr #6,San Jose,CA,95131,650000,1,2.0,,1415,,2006,,459,,,,,http://www.redfin.com/CA/San-Jose/1285-Marcello-Dr-95131/unit-6/home/12179822,,,N,Y,37.3905195,-121.8907603
PAST SALE,October-16-2019,Mobile/Manufactured Home,2151 Oakland Rd #608,SAN JOSE,CA,95131,170000,2,2.0,SAN JOSE,1440,,1983,172,118,,Sold,,,http://www.redfin.com/CA/San-Jose/2151-Oakland-Rd-95131/unit-608/home/686094,MLSListings,ML81758684,N,Y,37.3962328,-121.9053495
PAST SALE,November-25-2019,Mobile/Manufactured Home,2151 Oakland Rd #170,SAN JOSE,CA,95131,210000,3,2.0,SAN JOSE,1344,,1973,132,156,,Sold,,,http://www.redfin.com/CA/San-Jose/2151-Oakland-Rd-95131/unit-170/home/63741169,MLSListings,ML81760287,N,Y,37.3962328,-121.9053495
PAST SALE,January-3-2020,Mobile/Manufactured Home,2151 Oakland Rd #57,SAN JOSE,CA,95131,80000,2,2.0,SAN JOSE,720,,1974,93,111,,Sold,,,http://www.redfin.com/CA/San-Jose/2151-Oakland-Rd-95131/unit-57/home/166862261,MLSListings,ML81753891,N,Y,37.3962328,-121.9053495
PAST SALE,February-28-2020,Mobile/Manufactured Home,2151 Oakland Rd #433,SAN JOSE,CA,95131,132000,2,2.0,SAN JOSE,1344,,1975,37,98,,Sold,,,http://www.redfin.com/CA/San-Jose/2151-Oakland-Rd-95131/unit-433/home/1256096,MLSListings,ML81775789,N,Y,37.3962328,-121.9053495
PAST SALE,February-14-2020,Single Family Residential,1762 Fumia Dr,SAN JOSE,CA,95131,1450000,4,2.5,SAN JOSE,2287,5725,1997,51,634,,Sold,,,http://www.redfin.com/CA/San-Jose/1762-Fumia-Dr-95131/home/691484,MLSListings,ML81778512,N,Y,37.3895116,-121.8985277
PAST SALE,March-20-2020,Single Family Residential,1053 Mckay Dr,SAN JOSE,CA,95131,1260000,3,2.5,SAN JOSE,1767,2783,1999,16,713,50,Sold,,,http://www.redfin.com/CA/San-Jose/1053-McKay-Dr-95131/home/692324,MLSListings,ML81787428,N,Y,37.3874266,-121.8962158
PAST SALE,May-31-2019,Townhouse,1521 Fairway Green Cir,SAN JOSE,CA,95131,750000,2,2.0,SAN JOSE,1098,1843,1988,310,683,421,Sold,,,http://www.redfin.com/CA/San-Jose/1521-Fairway-Green-Cir-95131/home/1463487,MLSListings,ML81738067,N,Y,37.3778859,-121.884987
PAST SALE,July-23-2019,Condo/Co-op,118 Morning Star Dr,San Jose,CA,95131,685000,2,2.0,North Valley,1080,1224,1997,257,634,342,Sold,,,http://www.redfin.com/CA/San-Jose/118-Morning-Star-Dr-95131/home/1590908,Bridge MLS,40866298,N,Y,37.386929,-121.887897
PAST SALE,October-31-2019,Townhouse,1626 Vendre Pl,SAN JOSE,CA,95131,900000,2,2.5,SAN JOSE,1481,1700,2014,157,608,85,Sold,,,http://www.redfin.com/CA/San-Jose/1626-Vendre-Pl-95131/home/74433744,MLSListings,ML81768044,N,Y,37.3731374,-121.8793343
PAST SALE,November-12-2019,Townhouse,1450 Neleigh Pl,SAN JOSE,CA,95131,1125000,3,3.0,SAN JOSE,1851,750,2014,145,608,215,Sold,,,http://www.redfin.com/CA/San-Jose/1450-Neleigh-Pl-95131/unit-23/home/95957543,MLSListings,ML81771775,N,Y,37.3718146,-121.881354
PAST SALE,December-10-2019,Townhouse,1539 Fairway Green Cir,SAN JOSE,CA,95131,1128000,3,2.5,SAN JOSE,1672,1693,1988,117,675,463,Sold,,,http://www.redfin.com/CA/San-Jose/1539-Fairway-Green-Cir-95131/home/1548172,MLSListings,ML81777085,N,Y,37.377206,-121.884307
PAST SALE,January-3-2020,Single Family Residential,1344 Turrett Dr,SAN JOSE,CA,95131,950000,4,3.0,SAN JOSE,1350,6059,1970,93,704,,Sold,,,http://www.redfin.com/CA/San-Jose/1344-Turrett-Dr-95131/home/1543492,MLSListings,ML81774792,N,Y,37.3856981,-121.8705593
PAST SALE,February-21-2020,Townhouse,2213 Beech Cir,SAN JOSE,CA,95131,980000,3,3.0,SAN JOSE,1536,1668,2008,44,638,182,Sold,,,http://www.redfin.com/CA/San-Jose/2213-Beech-Cir-95131/home/21514526,MLSListings,ML81778969,Y,Y,37.403985,-121.884074
PAST SALE,September-30-2019,Townhouse,1339 Marcello Dr,SAN JOSE,CA,95131,858000,2,2.5,SAN JOSE,1541,1226,2007,188,557,302,Sold,,,http://www.redfin.com/CA/San-Jose/1339-Marcello-Dr-95131/home/28895643,MLSListings,ML81767950,N,Y,37.3907233,-121.8905758
PAST SALE,December-23-2019,Condo/Co-op,1578 Four Oaks Cir,SAN JOSE,CA,95131,557000,2,2.0,SAN JOSE,992,1131,1986,104,561,496,Sold,,,http://www.redfin.com/CA/San-Jose/1578-Four-Oaks-Cir-95131/home/1415590,MLSListings,ML81775073,N,Y,37.390894,-121.871711
PAST SALE,August-22-2019,Single Family Residential,2425 Fallingtree Dr,SAN JOSE,CA,95131,1096000,4,2.0,SAN JOSE,1234,5508,1973,227,888,,Sold,,,http://www.redfin.com/CA/San-Jose/2425-Fallingtree-Dr-95131/home/1162371,MLSListings,ML81760881,N,Y,37.3984378,-121.8810538
PAST SALE,August-27-2019,Single Family Residential,1513 Rue Avati,SAN JOSE,CA,95131,1040000,4,2.0,SAN JOSE,1234,6369,1974,222,843,,Sold,,,http://www.redfin.com/CA/San-Jose/1513-Rue-Avati-95131/home/1413081,MLSListings,ML81760159,N,Y,37.3865526,-121.8792307
PAST SALE,June-27-2019,Single Family Residential,1392 Rue Avati,SAN JOSE,CA,95131,1108000,4,2.0,SAN JOSE,1480,6080,1974,283,749,,Sold,,,http://www.redfin.com/CA/San-Jose/1392-Rue-Avati-95131/home/693379,MLSListings,ML81753829,N,Y,37.38237,-121.8778967
PAST SALE,August-8-2019,Townhouse,1124 Mckay Dr,SAN JOSE,CA,95131,1102500,4,3.5,SAN JOSE,2035,678,2006,241,542,283,Sold,,,http://www.redfin.com/CA/San-Jose/1124-McKay-Dr-95131/home/12179941,MLSListings,ML81757289,N,Y,37.389051,-121.892943
PAST SALE,June-24-2019,Single Family Residential,1726 River Birch Dr,SAN JOSE,CA,95131,930000,3,2.5,SAN JOSE,1478,3120,1985,286,629,125,Sold,,,http://www.redfin.com/CA/San-Jose/1726-River-Birch-Dr-95131/home/686097,MLSListings,ML81750274,N,Y,37.3737094,-121.8748951
PAST SALE,August-13-2019,Townhouse,1038 Bellante Ln #1,SAN JOSE,CA,95131,1174000,3,3.0,SAN JOSE,1847,1,2019,236,636,271,Sold,,,http://www.redfin.com/CA/San-Jose/1038-Bellante-Ln-95133/unit-1/home/160577134,MLSListings,ML81741539,N,Y,37.371804,-121.879942
PAST SALE,May-22-2019,Condo/Co-op,1068 Bigleaf Pl #304,SAN JOSE,CA,95131,1188000,4,2.5,SAN JOSE,2147,1835,2016,319,553,657,Sold,,,http://www.redfin.com/CA/San-Jose/1068-Bigleaf-Pl-95131/unit-304/home/143043383,MLSListings,ML81749521,N,Y,37.3804311,-121.89687
PAST SALE,May-7-2019,Single Family Residential,1657 Murasky Pl,SAN JOSE,CA,95131,1200000,3,2.5,SAN JOSE,1861,1602,2014,334,645,86,Sold,,,http://www.redfin.com/CA/San-Jose/1657-Murasky-Pl-95131/home/95954581,MLSListings,ML81746759,N,Y,37.3734278,-121.8786741
PAST SALE,April-19-2019,Condo/Co-op,1058 Bruzzone Way,SAN JOSE,CA,95131,1165000,4,3.5,SAN JOSE,1851,574,2014,352,629,215,Sold,,,http://www.redfin.com/CA/San-Jose/1058-Bruzzone-Way-95131/home/95957486,MLSListings,ML81742623,N,Y,37.3707281,-121.8825432
PAST SALE,May-10-2019,Condo/Co-op,1341 Mercado Way,SAN JOSE,CA,95131,1156000,3,3.0,SAN JOSE,1851,569,2014,331,625,215,Sold,,,http://www.redfin.com/CA/San-Jose/1341-Mercado-Way-95131/home/95957493,MLSListings,ML81744471,N,Y,37.3707969,-121.8820885
PAST SALE,June-13-2019,Condo/Co-op,1052 Bigleaf Pl #103,SAN JOSE,CA,95131,1085000,2,2.5,SAN JOSE,1690,1632,2015,297,642,315,Sold,,,http://www.redfin.com/CA/San-Jose/1052-Bigleaf-Pl-95131/unit-103/home/112869452,MLSListings,ML81749834,N,Y,37.3804718,-121.8975589
PAST SALE,July-2-2019,Single Family Residential,1633 Shore Dr,SAN JOSE,CA,95131,1370000,3,2.5,SAN JOSE,2098,3306,2014,278,653,,Sold,,,http://www.redfin.com/CA/San-Jose/1633-Shore-Dr-95133/home/95955959,MLSListings,ML81743429,N,Y,37.3736249,-121.8794975
PAST SALE,June-26-2019,Townhouse,1700 Martin Jue St,SAN JOSE,CA,95131,1180000,4,3.0,SAN JOSE,2009,3021,1988,284,587,265,Sold,,,http://www.redfin.com/CA/San-Jose/1700-Martin-Jue-St-95131/home/1563197,MLSListings,ML81754586,N,Y,37.375058,-121.8764737
PAST SALE,July-19-2019,Townhouse,1597 Fairway Green Cir,SAN JOSE,CA,95131,1025000,3,3.0,SAN JOSE,1757,1541,1988,261,583,450,Sold,,,http://www.redfin.com/CA/San-Jose/1597-Fairway-Green-Cir-95131/home/1074760,MLSListings,ML81752812,N,Y,37.379151,-121.8847
PAST SALE,February-4-2020,Mobile/Manufactured Home,2151 Oakland #424,SAN JOSE,CA,95131,208000,4,2.0,SAN JOSE,1320,,1997,61,158,200,Sold,,,http://www.redfin.com/CA/San-Jose/2151-Oakland-Rd-95131/unit-424/home/964934,MLSListings,ML81771272,N,Y,37.3962328,-121.9053495
PAST SALE,August-11-2019,Mobile/Manufactured Home,2151 OAKLAND Rd #117,SAN JOSE,CA,95131,175000,3,2.0,SAN JOSE,1464,,1972,238,120,,Sold,,,http://www.redfin.com/CA/San-Jose/2151-Oakland-Rd-95131/unit-117/home/63742520,MLSListings,ML81746811,N,Y,37.3962328,-121.9053495
PAST SALE,May-9-2019,Townhouse,2100 Klassen Way,SAN JOSE,CA,95131,855800,2,2.5,SAN JOSE,1080,454,2009,332,792,287,Sold,,,http://www.redfin.com/CA/San-Jose/2100-Klassen-Way-95131/home/23048008,MLSListings,ML81743403,N,Y,37.3930692,-121.9033989
PAST SALE,,Vacant Land,Oakland Rd,San Jose,CA,95131,3560000,,,,,85789,,,,,,,,http://www.redfin.com/CA/San-Jose/Oakland-Rd-95131/home/161061638,,,N,Y,37.384918,-121.898493
PAST SALE,May-3-2019,Townhouse,2190 Klassen Way,SAN JOSE,CA,95131,1195000,3,2.5,SAN JOSE,1892,949,2009,338,632,347,Sold,,,http://www.redfin.com/CA/San-Jose/2190-Klassen-Way-95131/home/23047980,MLSListings,ML81744354,N,Y,37.393497,-121.903405
PAST SALE,June-4-2019,Townhouse,1087 Harebell Pl,SAN JOSE,CA,95131,1090000,2,3.0,SAN JOSE,1622,645,2015,306,672,275,Sold,,,http://www.redfin.com/CA/San-Jose/1087-Harebell-Pl-95131/home/112869683,MLSListings,ML81745779,N,Y,37.379199,-121.896157
PAST SALE,April-16-2019,Townhouse,1052 Pear Orchard Dr,SAN JOSE,CA,95131,1095000,2,3.0,SAN JOSE,1622,1536,2015,355,675,275,Sold,,,http://www.redfin.com/CA/San-Jose/1052-Pear-Orchard-Dr-95131/home/112869427,MLSListings,ML81735444,N,Y,37.3790111,-121.8967196
PAST SALE,,Single Family Residential,1724 Silvertree Dr,San Jose,CA,95131,650000,3,2.0,,1112,5918,1974,,585,,,,,http://www.redfin.com/CA/San-Jose/1724-Silvertree-Dr-95131/home/689204,,,N,Y,37.3923035,-121.8817208
PAST SALE,March-11-2020,Single Family Residential,2094 Croner Pl,SAN JOSE,CA,95131,1370000,4,2.5,SAN JOSE,1972,3342,2004,25,695,101,Sold,,,http://www.redfin.com/CA/San-Jose/2094-Croner-Pl-95131/home/1050502,MLSListings,ML81782903,N,Y,37.3893868,-121.8749173
PAST SALE,August-13-2019,Single Family Residential,1995 Hikido Dr,SAN JOSE,CA,95131,1135000,4,2.0,SAN JOSE,1600,6091,1971,236,709,,Sold,,,http://www.redfin.com/CA/San-Jose/1995-Hikido-Dr-95131/home/1813498,MLSListings,ML81758730,N,Y,37.3821631,-121.8714487
PAST SALE,October-9-2019,Townhouse,2084 Swensen Ct,SAN JOSE,CA,95131,750000,4,1.5,SAN JOSE,1320,1552,1971,179,568,265,Sold,,,http://www.redfin.com/CA/San-Jose/2084-Swensen-Ct-95131/home/1095361,MLSListings,ML81762574,N,Y,37.380961,-121.869142
PAST SALE,November-13-2019,Single Family Residential,1283 Turrett Dr,SAN JOSE,CA,95131,978000,4,2.0,SAN JOSE,1380,6927,1970,144,709,,Sold,,,http://www.redfin.com/CA/San-Jose/1283-Turrett-Dr-95131/home/1790206,MLSListings,ML81771167,N,Y,37.3843204,-121.8698922
PAST SALE,June-21-2019,Mobile/Manufactured Home,2151 Oakland Rd #40,SAN JOSE,CA,95131,317000,4,2.0,SAN JOSE,1972,,2005,289,161,,Sold,,,http://www.redfin.com/CA/San-Jose/2151-Oakland-Rd-95131/unit-40/home/63741670,MLSListings,ML81749343,N,Y,37.3962328,-121.9053495
PAST SALE,July-9-2019,Mobile/Manufactured Home,2151 Oakland Rd #559,SAN JOSE,CA,95131,210000,2,2.0,SAN JOSE,1344,,1977,271,156,,Sold,,,http://www.redfin.com/CA/San-Jose/2151-Oakland-Rd-95131/unit-559/home/23477002,MLSListings,ML81754106,N,Y,37.3962328,-121.9053495
PAST SALE,December-4-2019,Single Family Residential,2338 Shade Tree Ln,SAN JOSE,CA,95131,1150000,4,2.0,SAN JOSE,1769,6862,1974,123,650,,Sold,,,http://www.redfin.com/CA/San-Jose/2338-Shade-Tree-Ln-95131/home/1176070,MLSListings,ML81773783,N,Y,37.3976042,-121.8780745
PAST SALE,March-3-2020,Mobile/Manufactured Home,2151 OAKLAND #10,SAN JOSE,CA,95131,283900,3,2.0,SAN JOSE,1742,,1994,33,163,,Sold,,,http://www.redfin.com/CA/San-Jose/2151-Oakland-Rd-95131/unit-10/home/661936,MLSListings,ML81772881,N,Y,37.3962328,-121.9053495
PAST SALE,January-22-2020,Townhouse,1856 Elk Grove Lndg,SAN JOSE,CA,95131,888888,2,2.5,SAN JOSE,1181,962,1995,74,753,297,Sold,,,http://www.redfin.com/CA/San-Jose/1856-Elk-Grove-Lndg-95131/home/936824,MLSListings,ML81779884,N,Y,37.385936,-121.8959769
PAST SALE,December-5-2019,Single Family Residential,1845 Esprit Ct,SAN JOSE,CA,95131,1450000,5,3.0,SAN JOSE,2231,4948,1997,122,650,,Sold,,,http://www.redfin.com/CA/San-Jose/1845-Esprit-Ct-95131/home/1644413,MLSListings,ML81773440,N,Y,37.4008439,-121.8809204
PAST SALE,March-10-2020,Condo/Co-op,2481 Alveswood Cir,SAN JOSE,CA,95131,548888,2,1.0,SAN JOSE,920,,1989,26,597,522,Sold,,,http://www.redfin.com/CA/San-Jose/2481-Alveswood-Cir-95131/home/1356269,MLSListings,ML81779278,Y,Y,37.403215,-121.883239
PAST SALE,October-24-2019,Condo/Co-op,1743 Parkview Green Cir,SAN JOSE,CA,95131,831000,2,2.0,SAN JOSE,1092,1740,1988,164,761,380,Sold,,,http://www.redfin.com/CA/San-Jose/1743-Parkview-Green-Cir-95131/home/1175435,MLSListings,ML81767179,Y,Y,37.378606,-121.882947
PAST SALE,December-10-2019,Condo/Co-op,1635 Gruen Pl,SAN JOSE,CA,95131,1140000,4,3.5,SAN JOSE,1978,777,2016,117,576,239,Sold,,,http://www.redfin.com/CA/San-Jose/1635-Gruen-Pl-95131/home/112869501,MLSListings,ML81765355,N,Y,37.3722911,-121.8779308
PAST SALE,May-10-2019,Townhouse,1583 Fairway Green Cir,SAN JOSE,CA,95131,950000,2,2.5,SAN JOSE,1558,1680,1988,331,610,450,Sold,,,http://www.redfin.com/CA/San-Jose/1583-Fairway-Green-Cir-95131/home/1282197,MLSListings,ML81744356,N,Y,37.378664,-121.88402
PAST SALE,April-12-2019,Single Family Residential,1436 Stanton Way,SAN JOSE,CA,95131,1600000,4,2.5,SAN JOSE,2371,4392,1993,359,675,,Sold,,,http://www.redfin.com/CA/San-Jose/1436-Stanton-Way-95131/home/1256103,MLSListings,ML81741633,N,Y,37.3778612,-121.8854114
PAST SALE,May-3-2019,Condo/Co-op,1657 Parkview Green Cir,SAN JOSE,CA,95131,768000,2,1.0,SAN JOSE,940,1785,1988,338,817,359,Sold,,,http://www.redfin.com/CA/San-Jose/1657-Parkview-Green-Cir-95131/home/1593223,MLSListings,ML81741498,N,Y,37.379571,-121.8843
PAST SALE,May-24-2019,Townhouse,1578 Shanghai Cir,SAN JOSE,CA,95131,1060000,3,2.5,SAN JOSE,1666,2732,1992,317,636,262,Sold,,,http://www.redfin.com/CA/San-Jose/1578-Shanghai-Cir-95131/home/688523,MLSListings,ML81747804,N,Y,37.384056,-121.890856
PAST SALE,May-13-2019,Townhouse,1563 Chihong Dr,SAN JOSE,CA,95131,1258000,4,3.0,SAN JOSE,2009,3137,1993,328,626,262,Sold,,,http://www.redfin.com/CA/San-Jose/1563-Chihong-Dr-95131/home/1279109,MLSListings,ML81746376,N,Y,37.3825779,-121.8903469
PAST SALE,June-7-2019,Condo/Co-op,1354 Tea Rose Cir,SAN JOSE,CA,95131,749888,2,2.0,SAN JOSE,1006,1123,1993,303,745,265,Sold,,,http://www.redfin.com/CA/San-Jose/1354-Tea-Rose-Cir-95131/home/690852,MLSListings,ML81744326,N,Y,37.3877494,-121.8939934
PAST SALE,August-2-2019,Condo/Co-op,1835 Parkview Green Cir,SAN JOSE,CA,95131,840000,2,2.0,SAN JOSE,1228,1665,1988,247,684,394,Sold,,,http://www.redfin.com/CA/San-Jose/1835-Parkview-Green-Cir-95131/home/579965,MLSListings,ML81759770,N,Y,37.380003,-121.882487
PAST SALE,,Condo/Co-op,1091 Foxglove Pl #402,San Jose,CA,95131,3810000,3,3.0,,1850,,2015,,2059,,,,,http://www.redfin.com/CA/San-Jose/1091-Foxglove-Pl-95131/unit-402/home/112869375,,,N,Y,37.3798568,-121.8959465
PAST SALE,October-26-2019,Single Family Residential,1825 Seville Way,SAN JOSE,CA,95131,853000,3,1.0,SAN JOSE,1311,5640,1971,162,651,,Sold,,,http://www.redfin.com/CA/San-Jose/1825-Seville-Way-95131/home/1491811,MLSListings,ML81769738,N,Y,37.3811542,-121.8745615
PAST SALE,November-7-2019,Single Family Residential,2066 Sierra Rd,San Jose,CA,95131,1071800,4,2.0,Berryessa,1380,6000,1971,150,777,,Sold,,,http://www.redfin.com/CA/San-Jose/2066-Sierra-Rd-95131/home/691621,Bridge MLS,40885518,N,Y,37.3863522,-121.87176
PAST SALE,November-13-2019,Single Family Residential,1913 Fumia Pl,SAN JOSE,CA,95131,1340000,3,2.5,SAN JOSE,2287,5519,1997,144,586,,Sold,,,http://www.redfin.com/CA/San-Jose/1913-Fumia-Pl-95131/home/1377554,MLSListings,ML81766128,N,Y,37.3878833,-121.8985722
PAST SALE,December-3-2019,Townhouse,1891 Kobuk Valley Cmn,SAN JOSE,CA,95131,955000,3,2.5,SAN JOSE,1407,888,1995,124,679,297,Sold,,,http://www.redfin.com/CA/San-Jose/1891-Kobuk-Valley-Cmn-95131/home/857347,MLSListings,ML81772899,N,Y,37.3860947,-121.8965122
PAST SALE,December-30-2019,Condo/Co-op,1329 Park Entrance Dr,San Jose,CA,95131,650000,2,2.0,Berryessa,896,1046,1987,97,725,414,Sold,,,http://www.redfin.com/CA/San-Jose/1329-Park-Entrance-Dr-95131/home/1602733,Bridge MLS,40880679,N,Y,37.3814235,-121.8847336
PAST SALE,December-9-2019,Single Family Residential,1276 Zeka Dr,SAN JOSE,CA,95131,1060800,3,2.5,SAN JOSE,1514,2613,1987,118,701,35,Sold,,,http://www.redfin.com/CA/San-Jose/1276-Zeka-Dr-95131/home/1786837,MLSListings,ML81771534,N,Y,37.382504,-121.887762
PAST SALE,November-8-2019,Single Family Residential,1806 Tambour Way,SAN JOSE,CA,95131,1363000,4,2.5,SAN JOSE,1872,5083,1996,149,728,,Sold,,,http://www.redfin.com/CA/San-Jose/1806-Tambour-Way-95131/home/1352363,MLSListings,ML81773285,N,Y,37.3995344,-121.8806536
PAST SALE,May-20-2019,Condo/Co-op,1711 Parkview Green Cir,SAN JOSE,CA,95131,829000,2,2.0,SAN JOSE,1228,1710,1988,321,675,359,Sold,,,http://www.redfin.com/CA/San-Jose/1711-Parkview-Green-Cir-95131/home/1097304,MLSListings,ML81750033,N,Y,37.378844,-121.883689
PAST SALE,May-23-2019,Condo/Co-op,1027 Giacomo Ln #7,SAN JOSE,CA,95131,1210000,4,3.5,SAN JOSE,1847,1338,2017,318,655,270,Sold,,,http://www.redfin.com/CA/San-Jose/1027-Giacomo-Ln-95131/unit-7/home/166818365,MLSListings,ML81753314,N,Y,37.3722386,-121.8786081
PAST SALE,July-31-2019,Single Family Residential,1224 Rosebriar Way,San Jose,CA,95131,1154000,4,2.5,Berryessa,1618,3780,1985,249,713,,Sold,,,http://www.redfin.com/CA/San-Jose/1224-Rosebriar-Way-95131/home/1380142,Bridge MLS,40868135,N,Y,37.3778283,-121.8770073
PAST SALE,October-10-2019,Single Family Residential,1141 Rosebriar Way,SAN JOSE,CA,95131,1130000,3,3.0,SAN JOSE,1645,5079,1988,178,687,,Sold,,,http://www.redfin.com/CA/San-Jose/1141-Rosebriar-Way-95131/home/1103754,MLSListings,ML81758247,N,Y,37.3755039,-121.8767405
PAST SALE,January-15-2020,Single Family Residential,1191 Royal Crest Dr,SAN JOSE,CA,95131,1050000,4,2.5,SAN JOSE,1618,3665,1985,81,649,,Sold,,,http://www.redfin.com/CA/San-Jose/1191-Royal-Crest-Dr-95131/home/684225,MLSListings,ML81771708,N,Y,37.3766792,-121.8782079
PAST SALE,June-17-2019,Condo/Co-op,1525 Four Oaks Cir,SAN JOSE,CA,95131,460000,1,1.0,SAN JOSE,676,705,1986,293,680,421,Sold,,,http://www.redfin.com/CA/San-Jose/1525-Four-Oaks-Cir-95131/home/811571,MLSListings,ML81750988,N,Y,37.391611,-121.872958
PAST SALE,June-27-2019,Single Family Residential,2211 Ladymuir Ct,SAN JOSE,CA,95131,1200000,3,2.0,SAN JOSE,1646,8686,1972,283,729,,Sold,,,http://www.redfin.com/CA/San-Jose/2211-Ladymuir-Ct-95131/home/691843,MLSListings,ML81749780,N,Y,37.3926453,-121.8740724
PAST SALE,July-11-2019,Single Family Residential,2014 Wizard Ct,SAN JOSE,CA,95131,1180000,3,2.0,SAN JOSE,1740,6000,1971,269,678,,Sold,,,http://www.redfin.com/CA/San-Jose/2014-Wizard-Ct-95131/home/580140,MLSListings,ML81747836,N,Y,37.3861483,-121.8733164
PAST SALE,July-16-2019,Single Family Residential,1962 Paolo Ct,SAN JOSE,CA,95131,1190000,4,2.0,SAN JOSE,1960,6172,1971,264,607,,Sold,,,http://www.redfin.com/CA/San-Jose/1962-Paolo-Ct-95131/home/1533157,MLSListings,ML81754289,N,Y,37.38573,-121.875134
PAST SALE,August-29-2019,Single Family Residential,1372 Turrett Dr,SAN JOSE,CA,95131,940000,3,2.0,SAN JOSE,1380,6097,1970,220,681,,Sold,,,http://www.redfin.com/CA/San-Jose/1372-Turrett-Dr-95131/home/1660772,MLSListings,ML81761132,N,Y,37.3861391,-121.8710929
PAST SALE,October-4-2019,Single Family Residential,1229 Tofts Dr,SAN JOSE,CA,95131,1130000,3,2.5,SAN JOSE,1710,7135,1971,184,661,,Sold,,,http://www.redfin.com/CA/San-Jose/1229-Tofts-Dr-95131/home/1752916,MLSListings,ML81767244,N,Y,37.3850482,-121.8657119
PAST SALE,January-3-2020,Townhouse,1107 Waterton Ln,SAN JOSE,CA,95131,760000,2,2.0,SAN JOSE,1444,1526,1979,93,526,360,Sold,,,http://www.redfin.com/CA/San-Jose/1107-Waterton-Ln-95131/home/1526972,MLSListings,ML81776399,N,Y,37.375798,-121.871747
PAST SALE,January-31-2020,Single Family Residential,1872 Ribisi Way,SAN JOSE,CA,95131,1218000,3,2.5,SAN JOSE,1903,7200,1975,65,640,,Sold,,,http://www.redfin.com/CA/San-Jose/1872-Ribisi-Way-95131/home/622907,MLSListings,ML81777984,N,Y,37.3776246,-121.8710484
PAST SALE,February-27-2020,Single Family Residential,2138 Charger Dr,SAN JOSE,CA,95131,1250000,4,2.5,SAN JOSE,2160,5020,1990,38,579,,Sold,,,http://www.redfin.com/CA/San-Jose/2138-Charger-Dr-95131/home/1790183,MLSListings,ML81776320,N,Y,37.3834846,-121.8676686
PAST SALE,March-20-2020,Townhouse,1051 Ribisi Cir,SAN JOSE,CA,95131,708000,3,1.5,SAN JOSE,1102,1560,1971,16,642,283,Sold,,,http://www.redfin.com/CA/San-Jose/1051-Ribisi-Cir-95131/home/694418,MLSListings,ML81782228,N,Y,37.3786901,-121.8696254
PAST SALE,August-14-2019,Condo/Co-op,1038 Bellante Ln #5,SAN JOSE,CA,95131,915000,2,2.0,SAN JOSE,1371,,2019,235,667,272,Sold,,,http://www.redfin.com/CA/San-Jose/1038-Bellante-Ln-95133/unit-5/home/160575507,MLSListings,ML81741067,N,Y,37.371804,-121.879942
PAST SALE,April-6-2019,Single Family Residential,1405 Sajak Ave,SAN JOSE,CA,95131,1360000,4,3.0,SAN JOSE,1828,3500,1989,365,744,,Sold,,,http://www.redfin.com/CA/San-Jose/1405-Sajak-Ave-95131/home/724388,MLSListings,ML81738459,N,Y,37.383739,-121.8864786
PAST SALE,May-31-2019,Condo/Co-op,1075 Eagle Way,SAN JOSE,CA,95131,1210000,4,3.5,SAN JOSE,1851,702,2014,310,654,216,Sold,,,http://www.redfin.com/CA/San-Jose/1075-Eagle-Way-95131/home/95957546,MLSListings,ML81748681,N,Y,37.3721686,-121.8811838
PAST SALE,June-18-2019,Single Family Residential,1614 Stanwich Rd,SAN JOSE,CA,95131,1100000,4,2.0,SAN JOSE,1234,7384,1978,292,891,,Sold,,,http://www.redfin.com/CA/San-Jose/1614-Stanwich-Rd-95131/home/1737610,MLSListings,ML81750719,N,Y,37.3952692,-121.8757177
PAST SALE,April-26-2019,Condo/Co-op,1472 Four Oaks Cir,SAN JOSE,CA,95131,490000,1,1.0,SAN JOSE,676,837,1986,345,725,421,Sold,,,http://www.redfin.com/CA/San-Jose/1472-Four-Oaks-Cir-95131/home/811563,MLSListings,ML81742232,N,Y,37.391655,-121.871843
PAST SALE,,Condo/Co-op,1072 Foxglove Pl,San Jose,CA,95131,1190000,3,4.0,,1718,,2015,,693,,,,,http://www.redfin.com/CA/San-Jose/1072-Foxglove-Pl-95131/home/112869697,,,N,Y,37.379551,-121.896238
PAST SALE,July-19-2019,Single Family Residential,1689 Coraltree Pl,SAN JOSE,CA,95131,1290000,4,3.0,SAN JOSE,2360,6901,1974,261,547,,Sold,,,http://www.redfin.com/CA/San-Jose/1689-Coraltree-Pl-95131/home/1356222,MLSListings,ML81756325,N,Y,37.3946391,-121.8793196
PAST SALE,August-1-2019,Single Family Residential,1584 Myrick Ct,SAN JOSE,CA,95131,1100000,4,2.5,SAN JOSE,1566,3047,1987,248,702,50,Sold,,,http://www.redfin.com/CA/San-Jose/1584-Myrick-Ct-95131/home/1279226,MLSListings,ML81752944,N,Y,37.3920762,-121.8767516
PAST SALE,,Single Family Residential,1637 Stanwich Rd,San Jose,CA,95131,417000,4,3.0,,1711,4551,1984,,244,,,,,http://www.redfin.com/CA/San-Jose/1637-Stanwich-Rd-95131/home/1126075,,,N,Y,37.3956868,-121.8768294
PAST SALE,September-6-2019,Condo/Co-op,2519 Jubilee Ln,SAN JOSE,CA,95131,620000,2,2.0,SAN JOSE,966,8661,1990,212,642,293,Sold,,,http://www.redfin.com/CA/San-Jose/2519-Jubilee-Ln-95131/home/690617,MLSListings,ML81762764,N,Y,37.402566,-121.884886
PAST SALE,September-20-2019,Mobile/Manufactured Home,2151 Oakland Rd #497,SAN JOSE,CA,95131,100000,2,2.0,SAN JOSE,1200,,1971,198,83,,Sold,,,http://www.redfin.com/CA/San-Jose/2151-Oakland-Rd-95131/unit-497/home/1428591,MLSListings,ML81753622,N,Y,37.3962328,-121.9053495
PAST SALE,September-20-2019,Mobile/Manufactured Home,2151 Oakland Rd #455,SAN JOSE,CA,95131,190000,3,2.0,SAN JOSE,1060,,1972,198,179,,Sold,,,http://www.redfin.com/CA/San-Jose/2151-Oakland-Rd-95131/unit-455/home/112268636,MLSListings,ML81741777,N,Y,37.3962325,-121.9053487
PAST SALE,October-2-2019,Townhouse,1035 Onofrio Ln #6,SAN JOSE,CA,95131,800000,2,2.0,SAN JOSE,1171,1386,2017,186,683,271,Sold,,,http://www.redfin.com/CA/San-Jose/1035-Onofrio-Ln-95131/unit-6/home/167184817,MLSListings,ML81759606,N,Y,37.3717918,-121.8796878
PAST SALE,October-23-2019,Condo/Co-op,2528 Alveswood Cir,SAN JOSE,CA,95131,425000,1,1.0,SAN JOSE,648,4803,1989,165,656,455,Sold,,,http://www.redfin.com/CA/San-Jose/2528-Alveswood-Cir-95131/home/1620342,MLSListings,ML81768153,N,Y,37.403647,-121.883907
PAST SALE,October-28-2019,Single Family Residential,1360 Legend Ln,SAN JOSE,CA,95131,1500000,5,3.0,SAN JOSE,2668,4190,1998,160,562,,Sold,,,http://www.redfin.com/CA/San-Jose/1360-Legend-Ln-95131/home/1058814,MLSListings,ML81766199,N,Y,37.3733805,-121.8825657
PAST SALE,October-31-2019,Townhouse,1586 Fairway Green Cir,SAN JOSE,CA,95131,850000,2,2.0,SAN JOSE,1098,1845,1988,157,774,421,Sold,,,http://www.redfin.com/CA/San-Jose/1586-Fairway-Green-Cir-95131/home/1188883,MLSListings,ML81769422,N,Y,37.378452,-121.884246
PAST SALE,November-18-2019,Single Family Residential,1918 Orolette Pl,SAN JOSE,CA,95131,1275000,4,2.0,SAN JOSE,2206,6323,1981,139,578,,Sold,,,http://www.redfin.com/CA/San-Jose/1918-Orolette-Pl-95131/home/1424193,MLSListings,ML81765780,N,Y,37.3849872,-121.8785637
PAST SALE,December-27-2019,Condo/Co-op,1569 Thornbriar Dr,SAN JOSE,CA,95131,587000,2,2.0,SAN JOSE,922,841,1987,100,637,440,Sold,,,http://www.redfin.com/CA/San-Jose/1569-Thornbriar-Dr-95131/home/1322688,MLSListings,ML81775505,N,Y,37.376624,-121.881343
PAST SALE,January-9-2020,Single Family Residential,1831 Montage Ct,SAN JOSE,CA,95131,1460000,5,3.0,SAN JOSE,2121,4760,1997,87,688,,Sold,,,http://www.redfin.com/CA/San-Jose/1831-Montage-Ct-95131/home/1563293,MLSListings,ML81776395,N,Y,37.3985608,-121.8825212
PAST SALE,February-10-2020,Townhouse,1659 Gruen Pl,SAN JOSE,CA,95131,1150000,4,3.5,SAN JOSE,2051,753,2016,55,561,240,Sold,,,http://www.redfin.com/CA/San-Jose/1659-Gruen-Pl-95131/home/112869491,MLSListings,ML81778433,N,Y,37.3723902,-121.8777976
PAST SALE,February-24-2020,Condo/Co-op,1737 Parkview Green Cir,SAN JOSE,CA,95131,570000,1,1.0,SAN JOSE,719,,1988,41,793,330,Sold,,,http://www.redfin.com/CA/San-Jose/1737-Parkview-Green-Cir-95131/home/686099,MLSListings,ML81778748,N,Y,37.37854,-121.882995
PAST SALE,February-27-2020,Single Family Residential,1541 Goody Ln,SAN JOSE,CA,95131,1268000,4,3.0,SAN JOSE,1629,2464,1987,38,778,33,Sold,,,http://www.redfin.com/CA/San-Jose/1541-Goody-Ln-95131/home/1706761,MLSListings,ML81781529,N,Y,37.3829482,-121.8886128
PAST SALE,May-17-2019,Condo/Co-op,1450 Four Oaks Cir,SAN JOSE,CA,95131,675000,3,2.0,SAN JOSE,1136,1507,1986,324,594,528,Sold,,,http://www.redfin.com/CA/San-Jose/1450-Four-Oaks-Cir-95131/home/691788,MLSListings,ML81747779,N,Y,37.391212,-121.871301
PAST SALE,August-21-2019,Condo/Co-op,2445 Jubilee Ln,SAN JOSE,CA,95131,495000,1,1.0,SAN JOSE,645,6019,1990,228,767,252,Sold,,,http://www.redfin.com/CA/San-Jose/2445-Jubilee-Ln-95131/home/1706964,MLSListings,ML81760399,N,Y,37.402125,-121.885508
PAST SALE,September-12-2019,Condo/Co-op,1563 Four Oaks Cir,SAN JOSE,CA,95131,535000,2,2.0,SAN JOSE,992,1303,1986,206,539,496,Sold,,,http://www.redfin.com/CA/San-Jose/1563-Four-Oaks-Cir-95131/home/690279,MLSListings,ML81763097,N,Y,37.3909189,-121.872192
PAST SALE,September-24-2019,Single Family Residential,1780 Rocktree Ct,SAN JOSE,CA,95131,910000,3,2.0,SAN JOSE,1041,6825,1973,194,874,,Sold,,,http://www.redfin.com/CA/San-Jose/1780-Rocktree-Ct-95131/home/1046115,MLSListings,ML81762773,N,Y,37.3990976,-121.8792307
PAST SALE,October-14-2019,Townhouse,1188 Mckay Dr,SAN JOSE,CA,95131,1110000,4,3.5,SAN JOSE,2035,804,2006,174,545,303,Sold,,,http://www.redfin.com/CA/San-Jose/1188-McKay-Dr-95131/home/12179911,MLSListings,ML81767060,N,Y,37.3898373,-121.8919221
PAST SALE,October-16-2019,Condo/Co-op,1572 Four Oaks Cir,SAN JOSE,CA,95131,560000,2,2.0,SAN JOSE,992,1286,1986,172,565,496,Sold,,,http://www.redfin.com/CA/San-Jose/1572-Four-Oaks-Cir-95131/home/690261,MLSListings,ML81764686,N,Y,37.390322,-121.872194
PAST SALE,October-16-2019,Single Family Residential,1405 Gordy Dr,SAN JOSE,CA,95131,1278000,4,2.5,SAN JOSE,1816,6168,1987,172,704,,Sold,,,http://www.redfin.com/CA/San-Jose/1405-Gordy-Dr-95131/home/695138,MLSListings,ML81769375,N,Y,37.3833445,-121.8814096
PAST SALE,December-9-2019,Mobile/Manufactured Home,2151 Oakland Rd #283,SAN JOSE,CA,95131,250000,4,2.0,SAN JOSE,1620,,2008,118,154,,Sold,,,http://www.redfin.com/CA/San-Jose/2151-Oakland-Rd-95131/unit-283/home/23048043,MLSListings,ML81774349,N,Y,37.3962328,-121.9053495
PAST SALE,December-5-2019,Townhouse,1833 Sheri Ann Cir,SAN JOSE,CA,95131,980000,3,2.5,SAN JOSE,1920,1341,1993,122,510,299,Sold,,,http://www.redfin.com/CA/San-Jose/1833-Sheri-Ann-Cir-95131/home/688160,MLSListings,ML81766033,N,Y,37.3883619,-121.8947356
PAST SALE,December-7-2019,Single Family Residential,1783 Sageland Dr,SAN JOSE,CA,95131,893000,4,2.0,SAN JOSE,1234,6040,1975,120,724,,Sold,,,http://www.redfin.com/CA/San-Jose/1783-Sageland-Dr-95131/home/1656717,MLSListings,ML81775420,N,Y,37.3819733,-121.8749618
PAST SALE,December-13-2019,Single Family Residential,1365 Flickinger Ave,SAN JOSE,CA,95131,911000,4,2.0,SAN JOSE,1168,5801,1971,114,780,,Sold,,,http://www.redfin.com/CA/San-Jose/1365-Flickinger-Ave-95131/home/692855,MLSListings,ML81768591,N,Y,37.3847148,-121.8729606
PAST SALE,February-25-2020,Condo/Co-op,1263 Avenida Las Brisas,SAN JOSE,CA,95131,675000,1,1.5,SAN JOSE,1415,,2006,40,477,365,Sold,,,http://www.redfin.com/CA/San-Jose/1263-Avenida-Las-Brisas-95131/home/12179841,MLSListings,ML81779936,N,Y,37.3895766,-121.8896275
PAST SALE,March-13-2020,Townhouse,1807 Camino Leonor,SAN JOSE,CA,95131,950000,2,2.5,SAN JOSE,1519,10516,2006,23,625,341,Sold,,,http://www.redfin.com/CA/San-Jose/1807-Camino-Leonor-95131/home/12179870,MLSListings,ML81781616,N,Y,37.3902799,-121.8898847
PAST SALE,March-3-2020,Mobile/Manufactured Home,2151 Oakland Rd #139,SAN JOSE,CA,95131,230000,3,2.0,SAN JOSE,1440,,1972,33,160,,Sold,,,http://www.redfin.com/CA/San-Jose/2151-Oakland-Rd-95131/unit-139/home/21855262,MLSListings,ML81769386,N,Y,37.3962328,-121.9053495
PAST SALE,May-7-2019,Condo/Co-op,1151 Westbury Dr,SAN JOSE,CA,95131,950000,3,2.5,SAN JOSE,1376,823,2007,334,690,150,Sold,,,http://www.redfin.com/CA/San-Jose/1151-Westbury-Dr-95131/home/17289504,MLSListings,ML81745578,N,Y,37.393993,-121.902264
PAST SALE,April-17-2019,Condo/Co-op,1073 Foxglove Pl #105,SAN JOSE,CA,95131,1320000,4,4.5,SAN JOSE,2243,718,2015,354,588,308,Sold,,,http://www.redfin.com/CA/San-Jose/1073-Foxglove-Pl-95131/unit-105/home/95957562,MLSListings,ML81743208,N,Y,37.3798609,-121.8968289
PAST SALE,April-18-2019,Single Family Residential,1908 Fumia Pl,SAN JOSE,CA,95131,1480000,3,2.5,SAN JOSE,2287,5201,1997,353,647,,Sold,,,http://www.redfin.com/CA/San-Jose/1908-Fumia-Pl-95131/home/1175599,MLSListings,ML81741479,N,Y,37.3880115,-121.8990835
PAST SALE,July-19-2019,Condo/Co-op,1783 Camino Leonor,SAN JOSE,CA,95131,818000,2,2.5,SAN JOSE,1519,10567,2006,261,539,321,Sold,,,http://www.redfin.com/CA/San-Jose/1783-Camino-Leonor-95131/home/12179853,MLSListings,ML81755551,N,Y,37.38988,-121.889368
PAST SALE,July-23-2019,Townhouse,1557 Tainan Dr,SAN JOSE,CA,95131,1130000,3,2.5,SAN JOSE,1666,2565,1992,257,678,262,Sold,,,http://www.redfin.com/CA/San-Jose/1557-Tainan-Dr-95131/home/1448536,MLSListings,ML81757837,N,Y,37.3827835,-121.88976
PAST SALE,February-5-2020,Townhouse,2131 Oakland Rd,SAN JOSE,CA,95131,1060000,4,4.0,SAN JOSE,1573,784,2009,60,674,150,Sold,,,http://www.redfin.com/CA/San-Jose/2131-Oakland-Rd-95131/home/28894949,MLSListings,ML81778426,Y,Y,37.396046,-121.902426
PAST SALE,August-12-2019,Condo/Co-op,1266 Oregold Pl,SAN JOSE,CA,95131,640000,2,2.0,SAN JOSE,1073,,1993,237,596,265,Sold,,,http://www.redfin.com/CA/San-Jose/1266-Oregold-Pl-95131/home/1828451,MLSListings,ML81737508,N,Y,37.3862956,-121.8940375
PAST SALE,October-22-2019,Mobile/Manufactured Home,2151 Oakland Rd #444,SAN JOSE,CA,95131,210000,2,2.0,SAN JOSE,1488,,1972,166,141,,Sold,,,http://www.redfin.com/CA/San-Jose/2151-Oakland-Rd-95131/unit-444/home/40176010,MLSListings,ML81760056,N,Y,37.3962328,-121.9053495
PAST SALE,April-12-2019,Mobile/Manufactured Home,2151 OAKLAND Rd #481,SAN JOSE,CA,95131,235000,3,2.0,SAN JOSE,1344,,1969,359,175,,Sold,,,http://www.redfin.com/CA/San-Jose/2151-Oakland-Rd-95131/unit-481/home/1762685,MLSListings,ML81741861,N,Y,37.3962328,-121.9053495
PAST SALE,May-6-2019,Mobile/Manufactured Home,2151 OAKLAND #581,SAN JOSE,CA,95131,183000,2,2.0,SAN JOSE,1816,,1974,335,101,,Sold,,,http://www.redfin.com/CA/San-Jose/2151-Oakland-Rd-95131/unit-581/home/1685391,MLSListings,ML81743385,N,Y,37.3962328,-121.9053495
PAST SALE,April-30-2019,Mobile/Manufactured Home,2151 Oakland Rd #272,SAN JOSE,CA,95131,150000,2,1.0,SAN JOSE,1040,,1972,341,144,,Sold,,,http://www.redfin.com/CA/San-Jose/2151-Oakland-Rd-95131/unit-272/home/63742524,MLSListings,ML81743114,N,Y,37.3962328,-121.9053495
PAST SALE,May-8-2019,Mobile/Manufactured Home,2151 OAKLAND Rd #542,SAN JOSE,CA,95131,185000,2,2.0,SAN JOSE,1440,,1976,333,128,,Sold,,,http://www.redfin.com/CA/San-Jose/2151-Oakland-Rd-95131/unit-542/home/162220186,MLSListings,ML81747190,N,Y,37.3962328,-121.9053495
PAST SALE,April-29-2019,Single Family Residential,2194 Stratton Pl,SAN JOSE,CA,95131,960888,3,2.0,SAN JOSE,1041,7406,1976,342,923,,Sold,,,http://www.redfin.com/CA/San-Jose/2194-Stratton-Pl-95131/home/693299,MLSListings,ML81741950,N,Y,37.3890821,-121.872427
PAST SALE,September-19-2019,Condo/Co-op,1512 Four Oaks Cir,SAN JOSE,CA,95131,440000,1,1.0,SAN JOSE,676,827,1986,199,651,430,Sold,,,http://www.redfin.com/CA/San-Jose/1512-Four-Oaks-Cir-95131/home/691818,MLSListings,ML81759757,N,Y,37.391537,-121.872339
PAST SALE,December-20-2019,Condo/Co-op,1488 Four Oaks Cir,SAN JOSE,CA,95131,515000,2,2.0,SAN JOSE,992,1176,1986,107,519,496,Sold,,,http://www.redfin.com/CA/San-Jose/1488-Four-Oaks-Cir-95131/home/690317,MLSListings,ML81771959,Y,Y,37.391883,-121.87214
PAST SALE,April-2-2020,Single Family Residential,1563 Four Oaks Rd,SAN JOSE,CA,95131,1280000,4,2.5,SAN JOSE,1669,6160,1989,3,767,,Sold,,,http://www.redfin.com/CA/San-Jose/1563-Four-Oaks-Rd-95131/home/694138,MLSListings,ML81785330,Y,Y,37.3922984,-121.8752286
PAST SALE,August-2-2019,Condo/Co-op,1377 Yamada Dr,SAN JOSE,CA,95131,772000,3,2.0,SAN JOSE,1203,1241,1987,247,642,414,Sold,,,http://www.redfin.com/CA/San-Jose/1377-Yamada-Dr-95131/home/1528818,MLSListings,ML81755050,N,Y,37.3824637,-121.8843923
PAST SALE,August-16-2019,Single Family Residential,2088 Mckenzie Pl,SAN JOSE,CA,95131,1380000,4,2.5,SAN JOSE,1972,3405,2004,233,700,88,Sold,,,http://www.redfin.com/CA/San-Jose/2088-Mckenzie-Pl-95131/home/1158401,MLSListings,ML81759579,N,Y,37.3902227,-121.8757622
PAST SALE,September-3-2019,Single Family Residential,1645 Shore Dr,SAN JOSE,CA,95131,1438000,4,2.5,SAN JOSE,2139,2988,2014,215,672,,Sold,,,http://www.redfin.com/CA/San-Jose/1645-Shore-Dr-95131/home/95955961,MLSListings,ML81762766,N,Y,37.3737801,-121.8792307
PAST SALE,September-9-2019,Single Family Residential,1513 Shumaker Way,SAN JOSE,CA,95131,970000,3,2.5,SAN JOSE,1285,3679,1987,209,755,50,Sold,,,http://www.redfin.com/CA/San-Jose/1513-Shumaker-Way-95131/home/1672063,MLSListings,ML81760765,N,Y,37.3903199,-121.8745615
PAST SALE,November-1-2019,Condo/Co-op,1527 Briartree Dr,SAN JOSE,CA,95131,665000,2,2.0,SAN JOSE,922,886,1988,156,721,440,Sold,,,http://www.redfin.com/CA/San-Jose/1527-Briartree-Dr-95131/home/857156,MLSListings,ML81770204,N,Y,37.375606,-121.882391
PAST SALE,November-4-2019,Single Family Residential,1220 Townsend Park Cir,SAN JOSE,CA,95131,1535000,4,2.5,SAN JOSE,2371,4772,1994,153,647,,Sold,,,http://www.redfin.com/CA/San-Jose/1220-Townsend-Park-Cir-95131/home/1197768,MLSListings,ML81770129,N,Y,37.3772112,-121.8867009
PAST SALE,January-18-2020,Single Family Residential,2120 Doxey Dr,SAN JOSE,CA,95131,1360000,6,2.0,SAN JOSE,2471,11759,1972,78,550,,Sold,,,http://www.redfin.com/CA/San-Jose/2120-Doxey-Dr-95131/home/693282,MLSListings,ML81775698,N,Y,37.3896791,-121.8740057
PAST SALE,March-17-2020,Single Family Residential,1569 Shore Dr,SAN JOSE,CA,95131,1460000,4,2.5,SAN JOSE,2139,3197,2014,19,683,,Sold,,,http://www.redfin.com/CA/San-Jose/1569-Shore-Dr-95131/home/95955982,MLSListings,ML81787143,N,Y,37.37297,-121.8806413
PAST SALE,February-26-2020,Condo/Co-op,2421 Jubilee Ln,SAN JOSE,CA,95131,465000,1,1.0,SAN JOSE,645,1771,1990,39,721,289,Sold,,,http://www.redfin.com/CA/San-Jose/2421-Jubilee-Ln-95131/home/1501481,MLSListings,ML81758859,N,Y,37.401749,-121.885536
PAST SALE,March-20-2020,Single Family Residential,"1816 Wintersong Ct,",SAN JOSE,CA,95131,1380000,5,3.0,SAN JOSE,2533,7132,1975,16,545,,Sold,,,http://www.redfin.com/CA/San-Jose/1816-Wintersong-Ct-95131/home/1046252,MLSListings,ML81777110,N,Y,37.3766769,-121.8708261
PAST SALE,March-10-2020,Townhouse,2067 Swensen Ct,SAN JOSE,CA,95131,700000,3,1.5,SAN JOSE,994,2079,1971,26,704,283,Sold,,,http://www.redfin.com/CA/San-Jose/2067-Swensen-Ct-95131/home/693146,MLSListings,ML81781552,N,Y,37.3804255,-121.869339
PAST SALE,September-25-2019,Condo/Co-op,1053 Dewberry Pl #301,SAN JOSE,CA,95131,978000,3,2.5,SAN JOSE,1661,2427,2014,193,589,657,Sold,,,http://www.redfin.com/CA/San-Jose/1053-Dewberry-Pl-95131/unit-301/home/95957588,MLSListings,ML81768276,N,Y,37.3801945,-121.8975772
PAST SALE,October-30-2019,Townhouse,1110 Brooks Range Lndg,SAN JOSE,CA,95131,1056000,3,2.5,SAN JOSE,1651,881,1996,158,640,297,Sold,,,http://www.redfin.com/CA/San-Jose/1110-Brooks-Range-Lndg-95131/home/1248215,MLSListings,ML81768392,N,Y,37.3847028,-121.8963119
PAST SALE,,Condo/Co-op,986 Arrowleaf Pl,San Jose,CA,95131,1020000,2,3.0,,1622,,2016,,629,,,,,http://www.redfin.com/CA/San-Jose/986-Arrowleaf-Pl-95131/home/143043398,,,N,Y,37.3805707,-121.8981244
PAST SALE,October-1-2019,Condo/Co-op,1069 Bigleaf Pl #401,SAN JOSE,CA,95131,1090000,2,2.5,SAN JOSE,1661,2556,2016,187,656,657,Sold,,,http://www.redfin.com/CA/San-Jose/1069-Bigleaf-Pl-95131/unit-401/home/143043360,MLSListings,ML81771136,N,Y,37.3807,-121.8968355
PAST SALE,January-22-2020,Townhouse,1086 Bigleaf Pl #101,SAN JOSE,CA,95131,1225000,4,3.5,SAN JOSE,2001,1534,2016,74,612,315,Sold,,,http://www.redfin.com/CA/San-Jose/1086-Bigleaf-Pl-95131/unit-101/home/143043364,MLSListings,ML81775088,N,Y,37.3804184,-121.8962436
PAST SALE,November-19-2019,Single Family Residential,2064 Mckenzie Pl,SAN JOSE,CA,95131,1300000,3,2.5,SAN JOSE,2082,3158,2004,138,624,88,Sold,,,http://www.redfin.com/CA/San-Jose/2064-Mckenzie-Pl-95131/home/965978,MLSListings,ML81771830,N,Y,37.3900032,-121.8761179
PAST SALE,June-27-2019,Condo/Co-op,2518 Autumnvale Dr,SAN JOSE,CA,95131,850000,3,3.0,SAN JOSE,1536,646,2008,283,553,182,Sold,,,http://www.redfin.com/CA/San-Jose/2518-Autumnvale-Dr-95131/home/23045302,MLSListings,ML81746173,N,Y,37.404427,-121.884615
PAST SALE,May-28-2019,Townhouse,1910 Beaufort Ter,SAN JOSE,CA,95131,1130000,3,2.5,SAN JOSE,1651,1306,1996,313,684,297,Sold,,,http://www.redfin.com/CA/San-Jose/1910-Beaufort-Ter-95131/home/1509825,MLSListings,ML81748902,N,Y,37.3866876,-121.8962042
PAST SALE,May-3-2019,Townhouse,992 Arrowleaf Pl,SAN JOSE,CA,95131,1220800,3,3.5,SAN JOSE,1718,725,2016,338,711,275,Sold,,,http://www.redfin.com/CA/San-Jose/992-Arrowleaf-Pl-95131/home/143043396,MLSListings,ML81745643,N,Y,37.3805657,-121.8980493
PAST SALE,September-13-2019,Condo/Co-op,1431 Rocklin Ct,SAN JOSE,CA,95131,570000,2,2.0,SAN JOSE,988,1105,1984,205,577,414,Sold,,,http://www.redfin.com/CA/San-Jose/1431-Rocklin-Ct-95131/home/684014,MLSListings,ML81761941,N,Y,37.381579,-121.883734
PAST SALE,,Single Family Residential,2085 Hikido Dr,San Jose,CA,95131,577500,3,2.0,,986,5978,1970,,586,,,,,http://www.redfin.com/CA/San-Jose/2085-Hikido-Dr-95131/home/1681710,,,N,Y,37.383357,-121.8698477
PAST SALE,October-29-2019,Townhouse,1136 Ribisi Cir,SAN JOSE,CA,95131,745000,4,2.0,SAN JOSE,1320,1540,1971,159,564,265,Sold,,,http://www.redfin.com/CA/San-Jose/1136-Ribisi-Cir-95131/home/674400,MLSListings,ML81768467,N,Y,37.379919,-121.869048
PAST SALE,November-12-2019,Single Family Residential,1971 Marcross Dr,SAN JOSE,CA,95131,845000,3,2.0,SAN JOSE,1041,6032,1974,145,812,,Sold,,,http://www.redfin.com/CA/San-Jose/1971-Marcross-Dr-95131/home/694241,MLSListings,ML81769807,N,Y,37.3885676,-121.8792752
PAST SALE,January-17-2020,Townhouse,506 Sirina Ct,SAN JOSE,CA,95131,1030000,3,3.0,SAN JOSE,1634,5646,1997,79,630,261,Sold,,,http://www.redfin.com/CA/San-Jose/506-Sirina-Ct-95131/home/1428780,MLSListings,ML81777070,Y,Y,37.386472,-121.888263
PAST SALE,February-4-2020,Single Family Residential,1258 Briarcreek Ct,SAN JOSE,CA,95131,1330000,4,2.5,SAN JOSE,1757,4029,1985,61,757,,Sold,,,http://www.redfin.com/CA/San-Jose/1258-Briarcreek-Ct-95131/home/1681454,MLSListings,ML81777893,N,Y,37.3777248,-121.8792307
PAST SALE,February-11-2020,Single Family Residential,1153 Rosebriar Way,SAN JOSE,CA,95131,1210000,4,2.5,SAN JOSE,1802,3758,1988,54,671,,Sold,,,http://www.redfin.com/CA/San-Jose/1153-Rosebriar-Way-95131/home/1377382,MLSListings,ML81778486,N,Y,37.3762128,-121.8770073
PAST SALE,March-3-2020,Single Family Residential,1850 Tersini Ct,SAN JOSE,CA,95131,1370000,4,3.0,SAN JOSE,1758,4780,1990,33,779,,Sold,,,http://www.redfin.com/CA/San-Jose/1850-Tersini-Ct-95131/home/1719189,MLSListings,ML81778979,N,Y,37.3826712,-121.8798977
PAST SALE,March-12-2020,Single Family Residential,1429 Rue Avati,SAN JOSE,CA,95131,1100000,4,2.0,SAN JOSE,1480,7681,1974,24,743,,Sold,,,http://www.redfin.com/CA/San-Jose/1429-Rue-Avati-95131/home/692619,MLSListings,ML81783383,Y,Y,37.382748,-121.879111
PAST SALE,March-11-2020,Single Family Residential,1842 Sageland Dr,SAN JOSE,CA,95131,1195000,4,2.0,SAN JOSE,1234,6054,1975,25,968,,Sold,,,http://www.redfin.com/CA/San-Jose/1842-Sageland-Dr-95131/home/1428878,MLSListings,ML81779962,Y,Y,37.3835742,-121.8743837
PAST SALE,April-1-2020,Townhouse,703 Star Jasmine Ct,SAN JOSE,CA,95131,1025000,3,2.5,SAN JOSE,1509,9260,1997,4,679,263,Sold,,,http://www.redfin.com/CA/San-Jose/703-Star-Jasmine-Ct-95131/home/857447,MLSListings,ML81783392,N,Y,37.387115,-121.8889112
PAST SALE,August-23-2019,Mobile/Manufactured Home,2151 Oakland Rd #268,SAN JOSE,CA,95131,180000,2,2.0,SAN JOSE,800,,1974,226,225,,Sold,,,http://www.redfin.com/CA/San-Jose/2151-Oakland-Rd-95131/unit-268/home/53846351,MLSListings,ML81734559,N,Y,37.3962328,-121.9053495
PAST SALE,September-9-2019,Mobile/Manufactured Home,2151 OAKLAND Rd #141,SAN JOSE,CA,95131,194500,2,2.0,SAN JOSE,1392,,1975,209,140,,Sold,,,http://www.redfin.com/CA/San-Jose/2151-Oakland-Rd-95131/unit-141/home/1509743,MLSListings,ML81754117,N,Y,37.3962328,-121.9053495
PAST SALE,September-25-2019,Single Family Residential,1788 Rocktree Ct,SAN JOSE,CA,95131,975000,3,2.0,SAN JOSE,1041,5614,1973,193,937,,Sold,,,http://www.redfin.com/CA/San-Jose/1788-Rocktree-Ct-95131/home/689468,MLSListings,ML81766031,N,Y,37.3993822,-121.8794086
PAST SALE,November-6-2019,Mobile/Manufactured Home,2151 Oakland Rd #463,SAN JOSE,CA,95131,250000,3,2.0,SAN JOSE,1456,,1997,151,172,,Sold,,,http://www.redfin.com/CA/San-Jose/2151-Oakland-Rd-95131/unit-463/home/1084543,MLSListings,ML81771806,N,Y,37.3962328,-121.9053495
PAST SALE,November-13-2019,Single Family Residential,1820 Silkwood Ln,SAN JOSE,CA,95131,1338888,4,2.5,SAN JOSE,2150,3537,2005,144,623,,Sold,,,http://www.redfin.com/CA/San-Jose/1820-Silk-Wood-Ln-95131/home/1054467,MLSListings,ML81773978,N,Y,37.3903572,-121.9028402
PAST SALE,December-16-2019,Single Family Residential,2599 Fallingtree Dr,SAN JOSE,CA,95131,1450000,4,3.5,SAN JOSE,2242,5566,2015,111,647,,Sold,,,http://www.redfin.com/CA/San-Jose/2599-Fallingtree-Dr-95131/home/112868961,MLSListings,ML81775620,N,Y,37.4008255,-121.879057
PAST SALE,March-6-2020,Townhouse,2184 Beech Cir,SAN JOSE,CA,95131,960000,3,3.0,SAN JOSE,1536,645,2008,30,625,182,Sold,,,http://www.redfin.com/CA/San-Jose/2184-Beech-Cir-95131/home/23045354,MLSListings,ML81780291,N,Y,37.40355,-121.884842
PAST SALE,September-6-2019,Condo/Co-op,1301 Marcello Dr,SAN JOSE,CA,95131,930000,3,2.0,SAN JOSE,1546,1546,2006,212,602,320,Sold,,,http://www.redfin.com/CA/San-Jose/1301-Marcello-Dr-95131/home/12179825,MLSListings,ML81767500,N,Y,37.390377,-121.8904109
PAST SALE,,Condo/Co-op,1748 Ringwood Ave,San Jose,CA,95131,1250000,4,3.0,,2036,,2006,,614,,,,,http://www.redfin.com/CA/San-Jose/1748-Ringwood-Ave-95131/home/12179961,,,N,Y,37.388369,-121.893249
PAST SALE,April-24-2019,Townhouse,1287 Westbury Dr,SAN JOSE,CA,95131,1115000,4,4.0,SAN JOSE,1573,784,2009,347,709,150,Sold,,,http://www.redfin.com/CA/San-Jose/1287-Westbury-Dr-95131/home/28894942,MLSListings,ML81740934,N,Y,37.395547,-121.902578
PAST SALE,May-16-2019,Single Family Residential,1980 Bright Willow Cir,SAN JOSE,CA,95131,1480000,5,4.0,SAN JOSE,2045,3224,2005,325,724,,Sold,,,http://www.redfin.com/CA/San-Jose/1980-Bright-Willow-Cir-95131/home/700531,MLSListings,ML81749381,N,Y,37.3920622,-121.90204
